<?xml version="1.0" encoding="UTF-8"?>
<project-private xmlns="http://www.netbeans.org/ns/project-private/1">
    <editor-bookmarks xmlns="http://www.netbeans.org/ns/editor-bookmarks/2" lastBookmarkId="0"/>
    <open-files xmlns="http://www.netbeans.org/ns/projectui-open-files/2">
        <group>
            <file>file:/G:/AcroERP/web/index.jsp</file>
            <file>file:/G:/AcroERP/src/java/com/acroerp/CadClienteServlet.java</file>
            <file>file:/G:/AcroERP/web/login.jsp</file>
            <file>file:/G:/AcroERP/web/Css/estilo.css</file>
            <file>file:/G:/AcroERP/web/cadanimal.jsp</file>
            <file>file:/G:/AcroERP/web/cadcliente.jsp</file>
            <file>file:/G:/AcroERP/web/contato.jsp</file>
            <file>file:/G:/AcroERP/web/servicos.jsp</file>
            <file>file:/G:/AcroERP/web/lista.jsp</file>
        </group>
    </open-files>
</project-private>
